{
  "allowMovement": {
    "net.minecraft.class_434": true,
    "mezz.jei.gui.recipes.RecipesGui": true,
    "net.minecraft.class_433": true,
    "me.jellysquid.mods.sodium.client.gui.SodiumOptionsGUI": true,
    "eu.midnightdust.core.screen.MidnightConfigOverviewScreen": true,
    "net.minecraft.class_5375": true,
    "net.minecraft.class_7944": true,
    "net.irisshaders.iris.gui.screen.ShaderPackScreen": true,
    "journeymap.client.ui.waypoint.WaypointManager": true,
    "journeymap.client.ui.dialog.OptionsManager": true,
    "journeymap.client.ui.fullscreen.Fullscreen": true,
    "journeymap.client.ui.waypoint.WaypointEditor": true,
    "journeymap.client.ui.fullscreen.menu.PopupMenu": true,
    "net.minecraft.class_4895": true,
    "fi.dy.masa.litematica.gui.GuiMainMenu": true,
    "fi.dy.masa.litematica.gui.GuiSchematicPlacementsList": true,
    "fi.dy.masa.litematica.gui.GuiConfigs": true,
    "fi.dy.masa.litematica.gui.GuiSchematicLoad": true,
    "fi.dy.masa.litematica.gui.GuiSchematicManager": true,
    "fi.dy.masa.litematica.gui.GuiSchematicLoadedList": true,
    "fi.dy.masa.litematica.gui.GuiMaterialList": true,
    "org.anti_ad.mc.ipnext.gui.ConfigScreen": true,
    "com.girafi.minemenu.gui.RadialMenuScreen": true,
    "com.girafi.minemenu.menu.ClickActionScreen": true,
    "fi.dy.masa.litematica.gui.GuiRenderLayer": true,
    "fi.dy.masa.litematica.gui.GuiPlacementConfiguration": true,
    "fi.dy.masa.litematica.gui.GuiAreaSelectionEditorSimple": true,
    "fi.dy.masa.litematica.gui.GuiTaskManager": true,
    "betteradvancements.common.gui.BetterAdvancementsScreen": true,
    "fi.dy.masa.malilib.MaLiLibConfigGui": true,
    "net.minecraft.class_410": true,
    "com.terraformersmc.modmenu.gui.ModsScreen": true,
    "me.flashyreese.mods.reeses_sodium_options.client.gui.SodiumVideoOptionsScreen": true
  },
  "hideBackground": {
    "mezz.jei.gui.recipes.RecipesGui": true,
    "net.minecraft.class_4895": true,
    "com.girafi.minemenu.menu.MenuItemScreen": true,
    "com.girafi.minemenu.menu.ClickActionScreen": true
  }
}