{
    "globalBookmarks": {
        "armorer": [],
        "butcher": [],
        "cartographer": [],
        "cleric": [],
        "farmer": [],
        "fisherman": [],
        "fletcher": [
            {
                "resultItem": "minecraft:emerald",
                "priceItem1": "minecraft:stick"
            }
        ],
        "leatherworker": [],
        "librarian": [],
        "mason": [],
        "shepherd": [],
        "toolsmith": [],
        "weaponsmith": [],
        "nitwit": [],
        "none": []
    },
    "globalBookmarks1": {
        "armorer": [],
        "butcher": [],
        "cartographer": [],
        "cleric": [],
        "farmer": [],
        "fisherman": [],
        "fletcher": [],
        "leatherworker": [],
        "librarian": [],
        "mason": [],
        "shepherd": [],
        "toolsmith": [],
        "weaponsmith": [],
        "nitwit": [],
        "none": []
    },
    "globalBookmarks2": {
        "armorer": [],
        "butcher": [],
        "cartographer": [],
        "cleric": [],
        "farmer": [],
        "fisherman": [],
        "fletcher": [],
        "leatherworker": [],
        "librarian": [],
        "mason": [],
        "shepherd": [],
        "toolsmith": [],
        "weaponsmith": [],
        "nitwit": [],
        "none": []
    }
}